{"acc": [0.5330269529074003, 0.5695462141663453, 0.597506106183314, 0.6204953507305995, 0.6432274928225564, 0.6728906886060761, 0.7024574709688477, 0.7283605433431889, 0.7539422376483695, 0.7781420062561597, 0.8019346959763466, 0.825438145434289, 0.8483738269700476, 0.8661246089900159, 0.880340232249218, 0.8938702489608775, 0.9052898830183829, 0.9146741226378712, 0.9228692634014655, 0.9300467069460513, 0.9368384968076445, 0.94263401465484, 0.9479046149890732, 0.9528216994472297, 0.9573102798131722, 0.9617345845652826, 0.96561254659982, 0.9690298667352273, 0.9719222693576723, 0.9750074988216137, 0.9775892359772036, 0.9799567210866864, 0.9819064147062605, 0.9837918327120024, 0.9855594120923855, 0.9873055662681579, 0.988741054977075, 0.9898123152076103, 0.9907978746197026, 0.9919119852594592, 0.992726143034666, 0.9936474268329263, 0.9941937695504992, 0.9947722500749883, 0.9953078801902558, 0.9958006598963021, 0.9963362900115696, 0.9968719201268372, 0.9972575738098299, 0.997536101469769, 0.9978039165274029, 0.9979860307665939, 0.9983502592449758, 0.9985645112910828, 0.9986716373141363, 0.9988858893602434, 0.9990358657925184, 0.9992072674294039, 0.9992608304409307, 0.9993572438616789, 0.9994215194755109, 0.9995607833054806, 0.9996143463170073, 0.9996786219308395, 0.9997750353515876, 0.9998393109654197, 0.9998607361700305, 0.9998928739769465, 0.9998928739769465, 0.9999035865792518, 0.9999035865792518, 0.9999250117838625, 0.9999357243861678, 0.9999464369884732, 0.9999571495907786, 0.9999571495907786, 0.999967862193084, 0.999967862193084, 0.999967862193084, 0.999967862193084, 0.999967862193084, 0.9999785747953893, 0.9999785747953893, 0.9999785747953893, 0.9999892873976947, 0.9999892873976947, 0.9999892873976947, 0.9999892873976947, 0.9999892873976947, 0.9999892873976947, 0.9999892873976947, 0.9999892873976947, 0.9999892873976947, 0.9999892873976947, 0.9999892873976947, 0.9999892873976947, 0.9999892873976947, 0.9999892873976947, 0.9999892873976947, 0.9999892873976947], "mcc": [0.2508336977189901, 0.32399832867448053, 0.377090949837644, 0.4187122585916714, 0.4569196076858266, 0.5045645726512752, 0.5508059349602646, 0.5904709305989972, 0.6292482954669995, 0.6655194867425671, 0.7008078373806272, 0.735622673849916, 0.7697122144545782, 0.7961923128198352, 0.8174654831980046, 0.8377596250189081, 0.8549337802680662, 0.8690719806770749, 0.8814565371445507, 0.8923433510261821, 0.9026737188274803, 0.9115181145800701, 0.9195808791697991, 0.9271209522871631, 0.9340135097008934, 0.9408312673657173, 0.9468073395008213, 0.9520804492443893, 0.9565520251196195, 0.9613237259855822, 0.9653164895617209, 0.9689791555054021, 0.9719967960959246, 0.9749163589498082, 0.9776539246238569, 0.9803584279016602, 0.9825812492359096, 0.9842399568854441, 0.9857653049604519, 0.9874887724900822, 0.9887485703299399, 0.9901732775027052, 0.9910177673715524, 0.9919124692563487, 0.9927407694722519, 0.9935031734475488, 0.9943318313889347, 0.9951602823603382, 0.9957567537998048, 0.996187576623407, 0.9966020164685515, 0.9968836255702701, 0.9974471164363558, 0.9977785958591124, 0.9979442759748594, 0.9982757506997686, 0.9985078493113199, 0.9987731114778626, 0.9988559959809017, 0.9990052121760962, 0.9991046815201311, 0.9993201979355305, 0.9994030926797627, 0.9995025666117117, 0.999651799499597, 0.9997512837112437, 0.9997844450561, 0.9998341909527734, 0.9998341909527734, 0.9998507744543669, 0.9998507744543669, 0.999883937663307, 0.9999005171855718, 0.9999170969783316, 0.999933677041599, 0.999933677041599, 0.9999502573753868, 0.9999502573753868, 0.9999502573753868, 0.9999502573753868, 0.9999502573753868, 0.9999668379797076, 0.9999668379797076, 0.9999668379797076, 0.9999834188545744, 0.9999834188545744, 0.9999834188545744, 0.9999834188545744, 0.9999834188545744, 0.9999834188545744, 0.9999834188545744, 0.9999834188545744, 0.9999834188545744, 0.9999834188545744, 0.9999834188545744, 0.9999834188545744, 0.9999834188545744, 0.9999834188545744, 0.9999834188545744, 0.9999834188545744], "f1": [0.44028727114856386, 0.4900425739369862, 0.5276550101459748, 0.558401447515989, 0.5892302548688346, 0.629172984941902, 0.6678086515481233, 0.7005411005388703, 0.73179831052515, 0.760736493395039, 0.7886074106950974, 0.8154550821450622, 0.841066258797038, 0.8604447469463276, 0.8757489771327506, 0.8902979612594409, 0.9024559035608206, 0.9124064965405557, 0.9210076994077127, 0.9285254326340531, 0.9355709616564014, 0.9416166284304947, 0.9470855176065746, 0.9521731097133911, 0.9568195365403684, 0.9613600830373955, 0.9653337626168382, 0.9688076264271267, 0.9717469549399068, 0.974874882326422, 0.9775150633625619, 0.9799378275969022, 0.9819030170969544, 0.9837917417776518, 0.9855697720046762, 0.9873318239264203, 0.988753283043995, 0.9898329212227868, 0.9908271866059387, 0.9919405080030831, 0.9927624154432811, 0.9936668402028962, 0.9942212803595852, 0.9947981600796162, 0.9953267876454851, 0.9958220272932058, 0.9963624522411635, 0.9969033048341678, 0.9972884593120958, 0.9975730587112207, 0.9978389381659033, 0.9980196239028293, 0.9983729874751687, 0.9985880290499999, 0.9986946826755528, 0.9989096989985732, 0.9990592383868572, 0.999230059408919, 0.9992842332125154, 0.9993768830624071, 0.9994386463240126, 0.9995755174339257, 0.9996269882187532, 0.9996894348037193, 0.9997824310247125, 0.9998445476988493, 0.9998654793151022, 0.9998970451722563, 0.9998970451722563, 0.9999073399976348, 0.9999073399976348, 0.9999279311092714, 0.9999382271033538, 0.9999485229513198, 0.9999588186531861, 0.9999588186531861, 0.9999691142089704, 0.9999691142089704, 0.9999691142089704, 0.9999691142089704, 0.9999691142089704, 0.9999794096186895, 0.9999794096186895, 0.9999794096186895, 0.9999897048823603, 0.9999897048823603, 0.9999897048823603, 0.9999897048823603, 0.9999897048823603, 0.9999897048823603, 0.9999897048823603, 0.9999897048823603, 0.9999897048823603, 0.9999897048823603, 0.9999897048823603, 0.9999897048823603, 0.9999897048823603, 0.9999897048823603, 0.9999897048823603, 0.9999897048823603], "times": {"epochs": [90.10073161125183, 164.7516050338745, 239.70461010932922, 308.5955035686493, 380.3172914981842, 458.7289264202118, 530.199156999588, 608.4660682678223, 683.716150522232, 755.508918762207, 820.7831752300262, 889.3272123336792, 970.4385228157043, 1054.7522294521332, 1129.7332396507263, 1195.2876274585724, 1270.233422279358, 1348.453669309616, 1414.0721275806427, 1488.9616677761078, 1551.1882560253143, 1626.0576062202454, 1710.729418039322, 1785.56086063385, 1851.0892133712769, 1916.8120725154877, 1982.3544373512268, 2047.933743238449, 2113.4767224788666, 2207.4818816184998, 2282.577577829361, 2357.782689332962, 2445.785983324051, 2517.603579759598, 2602.2108907699585, 2686.8137114048004, 2765.2523987293243, 2846.5798654556274, 2931.2211520671844, 3006.19304561615, 3090.7442140579224, 3165.5807280540466, 3240.6842663288116, 3315.8597886562347, 3400.4075751304626, 3475.792161464691, 3551.11399102211, 3635.7583281993866, 3719.989839553833, 3795.041478395462, 3882.8205256462097, 3945.201849937439, 4020.157958507538, 4089.0724442005157, 4164.137831449509, 4235.964814662933, 4320.91992688179, 4396.581894397736, 4481.124512195587, 4569.146528720856, 4631.597457885742, 4706.63133597374, 4782.075975656509, 4857.166837692261, 4951.282186746597, 5029.371280908585, 5101.331356048584, 5198.639194011688, 5279.946231603622, 5345.865306138992, 5420.78807258606, 5495.976776123047, 5583.886514425278, 5655.6362092494965, 5734.223160266876, 5815.690043926239, 5890.82879114151, 5965.9454391002655, 6034.913043022156, 6100.5875771045685, 6185.026648521423, 6257.037633180618, 6322.627299785614, 6388.278012514114, 6472.947793245316, 6548.016433000565, 6623.285155296326, 6691.971309423447, 6776.854065418243, 6858.334047317505, 6943.194840669632, 7018.346191167831, 7084.05321764946, 7162.293030261993, 7243.543280124664, 7322.118984460831, 7393.947252035141, 7478.622916221619, 7553.805466413498, 7622.831897497177], "loads": [4.914466142654419, 4.958770751953125]}}