{"acc": [0.7776813643570296, 0.9297896044907229, 0.9749325106054763, 0.9919548356686806, 0.9975682392766851, 0.9993679564639842, 0.9999035865792518, 0.999967862193084, 0.9999892873976947, 0.9999892873976947], "mcc": [0.6649252693683402, 0.8919734771105862, 0.9612099124290674, 0.9875545477374007, 0.9962371864666735, 0.9990217723646573, 0.9998507744543669, 0.9999502573753868, 0.9999834188545744, 0.9999834188545744], "f1": [0.760210169323865, 0.9282600572483717, 0.9747971825932983, 0.9919809677153553, 0.9976038718330114, 0.9993871677761265, 0.9999073399976348, 0.9999691142089704, 0.9999897048823603, 0.9999897048823603], "times": {"epochs": [705.9353294372559, 1391.0005240440369, 2101.9880769252777, 2783.8653478622437, 3468.1002633571625, 4149.953252792358, 4847.085180044174, 5545.8729865550995, 6252.682900667191, 6980.062991857529], "loads": [4.68676233291626, 4.73006534576416]}}