{"acc": [0.49311179671765865, 0.4999571495907786, 0.5085058062304495, 0.5167866478124866, 0.5253353044521575, 0.5332840553627287, 0.5415756095470712, 0.5493529588207567, 0.5566268157860907, 0.5641363500021426, 0.5705853365899645, 0.5769807601662595, 0.5826048763765694, 0.5882504177914899, 0.593638856751082, 0.5990701461198954, 0.6042014826241591, 0.60894716544543, 0.6139820885289454, 0.6180207395980631, 0.6220701032694862, 0.6259802031109397, 0.6304152204653555, 0.6350966276727943, 0.6404957792346917, 0.6467090885717959, 0.6524724686120752, 0.6587607661653169, 0.6646634100355658, 0.6704910656896773, 0.6767258002313922, 0.6828212709431375, 0.6890238676779363, 0.695097913185071, 0.7012576595106483, 0.7069032009255688, 0.7122059390667181, 0.7173372755709817, 0.7224578994729399, 0.7281141534901658, 0.7332990530059562, 0.7385160903286626, 0.7434117495822085, 0.7489394523717702, 0.7539743754552856, 0.759373527017183, 0.7645691391352788, 0.7694647983888246, 0.7739212409478511, 0.7790954278613361, 0.7840660753310195, 0.7891009984145348, 0.7935574409735613, 0.7987637656939623, 0.803745125765951, 0.8082229935295883, 0.8131186527831341, 0.8181000128551228, 0.8230706603248061, 0.8280413077944895, 0.8329048292411193, 0.8379397523246347, 0.8425997343274628, 0.8468312122380769, 0.8507948750910571, 0.854565711102541, 0.8579616060333376], "mcc": [0.16726873132406728, 0.181259173134102, 0.19965113259385042, 0.21728745616893055, 0.23518101516366346, 0.2514916684308375, 0.2683813376511189, 0.28408828960772053, 0.2986831862449584, 0.3134997530185113, 0.3262365648800294, 0.3385774307267884, 0.3492896230765836, 0.36002952866681104, 0.3701947427579398, 0.3802318811150974, 0.3895943119805079, 0.39813063891676176, 0.40725906585190547, 0.41443349268121127, 0.42172268770791643, 0.42847399476778014, 0.435925099313997, 0.44365127774998825, 0.4525121769112272, 0.46278057900871, 0.4721095894874663, 0.4821682194245903, 0.49162771490186746, 0.500913491493338, 0.5107761488754651, 0.5203044830006095, 0.5300854319302115, 0.5395211769354805, 0.5490391291808019, 0.557743400008479, 0.5659511903899214, 0.5738739643476762, 0.5816160788828767, 0.5902167010026695, 0.5981044620034532, 0.6059816501915014, 0.6134292342586067, 0.6218376988354078, 0.6294017645115817, 0.6375008076670375, 0.6453269433431698, 0.6526808104652002, 0.6593413332009221, 0.667084078185446, 0.6744129311852353, 0.681873291837038, 0.6885266308354352, 0.6962118114064338, 0.7036017377179569, 0.7102008265106378, 0.7174488587556056, 0.7248258035972056, 0.7321963825561031, 0.7395618082663453, 0.7468079563202474, 0.7542984324002989, 0.7611925708722108, 0.7674752069812545, 0.7733817505746415, 0.7789890361583639, 0.7840698766658882], "f1": [0.3963484879627622, 0.3974578711300849, 0.40669319006384264, 0.41749787909289865, 0.4291959589307636, 0.4402347861896663, 0.45165862467949774, 0.4623139906477305, 0.47216942863691874, 0.48248850483280675, 0.49115190647545587, 0.49991309048732546, 0.5075953661890266, 0.5150430036583385, 0.5221514717587947, 0.5295059192070142, 0.536389873191841, 0.5427770269178759, 0.5494542790098563, 0.5550198442853072, 0.5603301286072742, 0.5658023126581503, 0.5719631538827922, 0.578246629153002, 0.585583947926249, 0.593935279013278, 0.6018156206635095, 0.6103502591569026, 0.6181973356103444, 0.6259753294904703, 0.634289777909148, 0.6423340422014746, 0.6505004704774943, 0.658418570184523, 0.6662911243010412, 0.67354555134196, 0.6802507068916395, 0.6867259791847768, 0.6931939920342284, 0.7002304350543896, 0.7066719022994201, 0.7131134074734625, 0.7190418214991509, 0.7257823592326349, 0.7319003838388128, 0.7383975432668262, 0.7446144511005214, 0.7504711803153917, 0.7557734775730495, 0.7619188013492953, 0.7677740282422287, 0.7737304895037864, 0.7788942826439222, 0.7849191856314933, 0.7907236370902634, 0.7958828614940314, 0.8015383781848574, 0.8072015633609696, 0.8128081716098626, 0.8184475097218372, 0.8239194395547854, 0.8295367794325705, 0.8347162823970398, 0.8393833107575025, 0.8437624978813524, 0.8479137496454724, 0.8516055920052293], "times": {"epochs": [10.780065774917603, 1222.287032365799, 2434.840904712677, 3646.760724544525, 4857.93311882019, 6069.374909162521, 7276.543408155441, 8490.074121713638, 9704.996553659439, 10925.7030107975, 12139.70985341072, 13348.876556158066, 14556.35893201828, 15761.297063827515, 16969.22817182541, 18172.170635700226, 19381.138467550278, 20591.913687705994, 21800.523841381073, 23008.78439760208, 24213.170981407166, 25429.24442410469, 26685.916394472122, 27900.1661632061, 29108.020736694336, 30332.258196115494, 31542.05802130699, 32748.35194182396, 33954.26698064804, 35161.19603252411, 36367.53983974457, 37576.28274726868, 38785.19198799133, 39992.870052576065, 41201.43969416618, 42408.184327840805, 43620.032453775406, 44825.664494514465, 46033.371728658676, 47248.111055612564, 48461.504256248474, 49673.61301279068, 50886.10225272179, 52098.0684299469, 53309.81044101715, 54520.6568274498, 55731.30448126793, 56939.69211411476, 58146.49340248108, 59353.383670568466, 60559.68163084984, 61769.30011868477, 62977.16500210762, 64185.21306490898, 65393.52939748764, 66601.98104190826, 67808.9966571331, 69014.76553845406, 70221.45047545433, 71427.13454818726, 72633.91183662415, 73839.80319190025, 75045.73793506622, 76255.23733615875, 77461.40363144875, 78667.62783455849, 79873.93595933914], "loads": [7.247455835342407, 7.294637441635132]}}