{"acc": [0.4931010841153533, 0.5, 0.5086772078673352, 0.517011612460899, 0.5256138321120967, 0.5337875476710803, 0.5419826884346746, 0.5497064746968333, 0.557119595492137, 0.5646505549127994, 0.5709602776706517, 0.5773771264515576, 0.5830976560826155, 0.5885396580537344, 0.5939816600248532, 0.5994450872005828, 0.604565711102541, 0.6092899687192013, 0.6143784548142435, 0.618288554655697, 0.6223807687363414, 0.6264515576123751, 0.6306401851137678, 0.6355037065603977, 0.6409349959292111, 0.6470090414363457, 0.6527295710674037, 0.6591035694390881, 0.6650597763208639, 0.6706196169173415, 0.6769721900844153, 0.6832283498307409, 0.6896237734070361, 0.6957942323349188, 0.7017290140120838, 0.7072674294039508, 0.7124416163174359, 0.7176479410378369, 0.7228114153490166, 0.7283712559454942, 0.7336954192912543, 0.7388481810001285, 0.7439688049020868, 0.74923940523632, 0.7543600291382783, 0.7598770193255345, 0.7649012298067447, 0.7699254402879547, 0.7745961348930882, 0.779213266486695, 0.7845588550370656, 0.7895830655182757, 0.7941787719072717, 0.7992029823884819, 0.804109354244333, 0.8084265329733898, 0.8135792946822642, 0.8183249775035352, 0.8231777863478597, 0.827998457385268, 0.8329476796503407, 0.8381647169730471, 0.8430603762265929, 0.8472061533187641, 0.8509341389210267, 0.854715687534816, 0.8582508462955821], "mcc": [0.16724608049353262, 0.18135391403801693, 0.1999933036529942, 0.21772478692391373, 0.23568618059905724, 0.2524470198387045, 0.2691046324778925, 0.2846884123593252, 0.29954026544647794, 0.3143741533517535, 0.326813975727044, 0.33921432112602423, 0.3500848739016392, 0.36044593962860905, 0.3706928849407911, 0.38075626935014495, 0.39015137015031043, 0.3986257870568951, 0.4078276962694334, 0.4147833139004406, 0.42217546032415126, 0.42919448603060995, 0.43627379812450817, 0.44426437205443975, 0.4531627731287234, 0.4632054592318556, 0.4724990938183591, 0.48265839118476617, 0.49219120203246763, 0.5010954881685007, 0.5111164967685788, 0.5208995818762215, 0.5309430041448585, 0.5405300156888364, 0.5496994539753882, 0.5582443734417302, 0.5662573102343812, 0.5742979319666338, 0.5821122531630405, 0.5905647328326759, 0.5986785394722061, 0.6064503057547811, 0.6142071229674253, 0.6222599715796291, 0.6299515699779202, 0.6382135595486474, 0.6458120169210393, 0.653309369507711, 0.6602901251426962, 0.667230890127891, 0.6751120717097694, 0.68255239347577, 0.6893805833504826, 0.6968050014811898, 0.7040858477819937, 0.7104762202496535, 0.7180970819175743, 0.7251251087983137, 0.7323328184116102, 0.7394891600967317, 0.7468611853980582, 0.7546042474422245, 0.761842634422857, 0.768018659959175, 0.7735701051680431, 0.7792089433042194, 0.7844842144958207], "f1": [0.39633021072785124, 0.3975850606006588, 0.40712802336114207, 0.41800781143285687, 0.42984211075921447, 0.44115966814914276, 0.45245654268775476, 0.46301232673746795, 0.47304321722424164, 0.4834133620687866, 0.49188809683739515, 0.5006088284757174, 0.5084206508258025, 0.5155629413523313, 0.52277300122148, 0.5301678673949166, 0.536985003022717, 0.543363964647774, 0.5501145650480844, 0.5554825282379044, 0.5608217929729841, 0.5665189441106958, 0.5723042425985175, 0.5788408762025965, 0.5862212132280176, 0.5943557444474483, 0.6021759571993562, 0.6108258255533531, 0.6187260028226328, 0.6261365010336797, 0.6346015401876953, 0.6428552004815712, 0.6513104942405384, 0.6593074336834953, 0.6668870993250801, 0.6740193831870697, 0.6805582335538837, 0.6871320094072934, 0.6936323396284328, 0.7005790088630098, 0.7071812173933137, 0.7135018283588965, 0.7197075735070323, 0.7261073010487937, 0.7323459883139462, 0.7389947265475673, 0.7450022653007332, 0.7509949321034514, 0.7565655460386012, 0.7620586621997791, 0.7683456789032969, 0.7742781089306167, 0.7796053033553968, 0.785405334705613, 0.7911465499223902, 0.7961231024617034, 0.8020588490612317, 0.807448870533309, 0.8129192475782191, 0.818404667123802, 0.8239533441813136, 0.8298061147617458, 0.8352199826805858, 0.8397802258790069, 0.8439100982855624, 0.8480708245617187, 0.8519151203413986], "times": {"epochs": [11.08387541770935, 1208.0389785766602, 2407.3397555351257, 3608.3482644557953, 4808.695638418198, 6018.484815597534, 7221.6113340854645, 8425.855344057083, 9629.364114999771, 10835.225322008133, 12040.001101016998, 13243.591241121292, 14444.741240739822, 15649.715626716614, 16849.661856651306, 18048.95507311821, 19251.900707006454, 20453.89351272583, 21655.68456530571, 22857.96874332428, 24061.311683654785, 25262.36136507988, 26472.0673558712, 27679.619959115982, 28878.67191052437, 30081.332513809204, 31279.758117198944, 32480.278150081635, 33679.33255672455, 34877.46269249916, 36075.43269658089, 37273.890478372574, 38473.58113861084, 39673.97405862808, 40876.60062241554, 42078.172055482864, 43275.26202201843, 44471.888921022415, 45706.6831407547, 46907.89648079872, 48118.902441978455, 49320.008080244064, 50520.1536757946, 51720.10715055466, 52919.507036447525, 54128.96754002571, 55330.29921865463, 56528.66706728935, 57729.36605715752, 58930.887860774994, 60132.43948483467, 61339.763530254364, 62541.9892373085, 63746.45733380318, 64951.27985620499, 66156.83733773232, 67357.61306238174, 68560.28735351562, 69761.30635738373, 70968.08909201622, 72178.62367033958, 73386.62354373932, 74594.80283427238, 75799.0283446312, 77000.79799318314, 78218.82838702202, 79425.78565835953], "loads": [7.522351503372192, 7.566581726074219]}}