{"acc": [0.6202810986844924, 0.7278677636371428, 0.8247739640913571, 0.893548870891717, 0.9297896044907229, 0.9527038608218709, 0.9690405793375326, 0.9799031580751596, 0.9872948536658525, 0.9919441230663752, 0.9948043878819043, 0.9968826327291426, 0.9980395937781206, 0.9988858893602434, 0.9993679564639842, 0.9997000471354501, 0.9998928739769465, 0.9999250117838625, 0.9999571495907786, 0.999967862193084, 0.9999785747953893, 0.9999892873976947, 0.9999892873976947, 0.9999892873976947, 0.9999892873976947], "mcc": [0.41847347167532495, 0.589830786751514, 0.7347009717975794, 0.837310319460524, 0.8919669721918958, 0.9269522044478437, 0.9521015861268741, 0.9688961887823653, 0.9803413081002156, 0.9875382141162553, 0.9919621581384936, 0.9951768286030008, 0.9969664142553778, 0.9982757506997686, 0.999021785516288, 0.999535729039431, 0.9998341909527734, 0.999883937663307, 0.999933677041599, 0.9999502573753868, 0.9999668379797076, 0.9999834188545744, 0.9999834188545744, 0.9999834188545744, 0.9999834188545744], "f1": [0.5580441822631749, 0.6999826054481272, 0.8147517942057313, 0.8899741958018194, 0.9282656943095186, 0.9520606434717571, 0.9688135735039559, 0.9798841814563705, 0.9873208619204892, 0.991970911477519, 0.9948290261947251, 0.9969135819102508, 0.9980710430842142, 0.9989096989985732, 0.9993871745576018, 0.9997100232070814, 0.9998970451722563, 0.9999279311092714, 0.9999588186531861, 0.9999691142089704, 0.9999794096186895, 0.9999897048823603, 0.9999897048823603, 0.9999897048823603, 0.9999897048823603], "times": {"epochs": [301.59703850746155, 579.296314239502, 838.624725818634, 1126.1295964717865, 1404.1020202636719, 1701.6942830085754, 1998.0547170639038, 2276.2644097805023, 2564.5446903705597, 2861.2553873062134, 3129.0664834976196, 3425.64302611351, 3694.4747688770294, 3963.982378721237, 4245.418691158295, 4549.224729299545, 4828.000449180603, 5118.411740064621, 5405.092160224915, 5688.986700057983, 5948.80552649498, 6239.614508867264, 6515.396262645721, 6784.968688964844, 7072.165163755417], "loads": [4.510821342468262, 4.554293394088745]}}