{"acc": [0.49309037151304796, 0.5001178386253589, 0.5087521960834726, 0.5170544628701204, 0.5258280841582037, 0.533958949307966, 0.5420791018554227, 0.549845738526803, 0.5572802845267172, 0.5647041179243262, 0.5711423919098427, 0.5775913784976646, 0.5832262073102799, 0.5885717958606504, 0.5941530616617389, 0.5995093628144149, 0.604779963148648, 0.6095899215837511, 0.6145605690534345, 0.6185242319064147, 0.6226164459870592, 0.6264944080215966, 0.6308865749667909, 0.6356215451857565, 0.6410314093499593, 0.6473089943008956, 0.6532116381711446, 0.6593071088828898, 0.6652311779577494, 0.6712516604533574, 0.6774542571881561, 0.6835925783091229, 0.6897630372370056, 0.6958692205510563, 0.7016326005913357, 0.7072567168016455, 0.7124951793289626, 0.7178836182885546, 0.7230899430089557, 0.7284033937524104, 0.7339418091442773, 0.7389874448300982, 0.7439580922997815, 0.7493679564639842, 0.7546921198097442, 0.7598877319278399, 0.7651690448643784, 0.769904015083344, 0.7747889617345846, 0.7797060461927411, 0.7844945794232335, 0.7894223764836954, 0.7940395080773022, 0.798967305137764, 0.803927240005142, 0.808458670780306, 0.813482881261516, 0.8182821270943138, 0.8230706603248061, 0.8280305951921841, 0.8330119552641728, 0.83795046492694, 0.8428461241804859, 0.8469919012726571, 0.8510198397394695, 0.854715687534816, 0.8582508462955821], "mcc": [0.1672234289537147, 0.18160034608349515, 0.20014583057608776, 0.2178021392188227, 0.23609473469342582, 0.25277645560404705, 0.2692652654133411, 0.28494095834825756, 0.2998301672087491, 0.31446639154486783, 0.3271097977225933, 0.3395762233863645, 0.3503011871985746, 0.3604958475549963, 0.3709475897042543, 0.380842920706083, 0.39044644229522585, 0.3991029286124256, 0.40807686364266116, 0.41512670046020766, 0.42254173911543647, 0.4292504975984288, 0.43663238231721824, 0.44445021278265523, 0.4533082087667497, 0.46367696576519574, 0.47323209257703996, 0.4829656183528725, 0.49242481342707, 0.5020258751899586, 0.5118004736968609, 0.5214392263539892, 0.531156632966132, 0.5406318378176952, 0.5495583270575806, 0.558242240682398, 0.5663421453890112, 0.5745735066873736, 0.5824985494757676, 0.5905958497859046, 0.5990197924886975, 0.6066482077357875, 0.6141837341448133, 0.6224329619938604, 0.6304280408344316, 0.6382346918255439, 0.646174934370038, 0.6532739731203815, 0.6605625579865404, 0.6679408899171809, 0.6750161037580072, 0.6823100484907055, 0.6891861284094433, 0.6964767466789289, 0.703830836380141, 0.7105339684211696, 0.7179527805947937, 0.7250704210484836, 0.7321569502335731, 0.7395061467577193, 0.7469591840049616, 0.754293760299743, 0.7615353861817837, 0.7677046128235245, 0.7736811414727017, 0.7792018658500359, 0.7844766824655532], "f1": [0.39631193258797887, 0.39785862023352264, 0.4072859735115708, 0.41811333702612047, 0.43026654788748536, 0.4414615084677462, 0.45268068046159166, 0.4632616085991319, 0.4733128252292113, 0.4835148333247399, 0.4921872187673959, 0.5009499244968348, 0.5086343414783306, 0.5156240743028824, 0.5230566468500392, 0.530294547225162, 0.5373754389254614, 0.5438448095250782, 0.5504443084148649, 0.5558803544401755, 0.5611774833923563, 0.566603903517895, 0.5726831546624038, 0.5790239435718686, 0.5863735671441833, 0.5947902852949877, 0.6028134354507212, 0.6111165878656032, 0.6189903739157164, 0.6270092102586285, 0.6352986903103637, 0.6434006274792831, 0.6515151915180647, 0.659432983777997, 0.6667947682990788, 0.6740209253588976, 0.6806352618554478, 0.6874570657982737, 0.6940055613641455, 0.7006170094996175, 0.707473526172102, 0.7136875451219873, 0.7197025334030488, 0.7262943101457789, 0.7327495233811492, 0.7390091927302028, 0.745316869197809, 0.7509856671154141, 0.756813934717593, 0.7626250778314034, 0.7682689777623173, 0.7740934226081461, 0.7794559675349461, 0.7851619432594193, 0.7909496700791041, 0.7961636973720271, 0.8019465027865277, 0.807412924249474, 0.8127988994934872, 0.8184378342640644, 0.8240391492999416, 0.8295637369428982, 0.8349849993809949, 0.8395594903764083, 0.8440123008906371, 0.8480778742395457, 0.8519219081184958], "times": {"epochs": [11.413662672042847, 1279.697527885437, 2544.4080848693848, 3811.5266060829163, 5078.738431453705, 6347.18558216095, 7614.920981168747, 8879.161630153656, 10144.852700710297, 11410.498135566711, 12677.534863233566, 13942.69422364235, 15209.881406545639, 16476.00786757469, 17740.43657898903, 19001.218244314194, 20266.376076221466, 21526.730284690857, 22789.629542589188, 24051.516914129257, 25312.555716991425, 26575.33570933342, 27836.022450208664, 29098.51135325432, 30363.596734523773, 31634.979147434235, 32901.639929533005, 34163.17371273041, 35424.60639047623, 36689.38254117966, 37952.062133312225, 39216.31239318848, 40479.83774995804, 41746.74457383156, 43011.1809489727, 44274.42585372925, 45540.82939052582, 46808.726489305496, 48076.679169654846, 49344.85873794556, 50613.498250961304, 51876.959769010544, 53140.809762477875, 54401.30686163902, 55664.36656713486, 56927.568532943726, 58190.74414229393, 59451.15511202812, 60716.85909128189, 61983.518151044846, 63245.28363156319, 64507.868701696396, 65774.09370350838, 67041.70157337189, 68307.75635361671, 69576.20843577385, 70843.5529601574, 72106.14754962921, 73372.93599534035, 74636.28776168823, 75902.51150608063, 77166.5424964428, 78430.0545361042, 79693.38656544685, 80959.05416917801, 82220.55058121681, 83484.1046333313], "loads": [8.1223726272583, 8.166330814361572]}}