{"acc": [0.5689998714487723, 0.6202810986844924, 0.672247932467755, 0.7278891888417535, 0.7776706517547243, 0.8248918027167159, 0.8656318292839696, 0.8935381582894116, 0.9142884689548785, 0.9297681792861122, 0.9426018768479238, 0.9526931482195655, 0.9617560097698933, 0.9690620045421434, 0.9749860736170031, 0.9799567210866864, 0.9838561083258345, 0.9872948536658525, 0.989865878219137, 0.9919548356686806, 0.9936795646398423, 0.9947936752795989, 0.9958220851009127, 0.9968933453314479, 0.9975575266743797, 0.9980503063804259, 0.9985645112910828, 0.9988858893602434, 0.9992286926340147, 0.9993679564639842, 0.9995714959077859, 0.9997000471354501, 0.9998393109654197, 0.9998928739769465, 0.9999035865792518, 0.9999250117838625, 0.9999464369884732, 0.999967862193084, 0.999967862193084, 0.999967862193084, 0.9999785747953893, 0.9999785747953893, 0.9999892873976947, 0.9999892873976947, 0.9999892873976947, 0.9999892873976947, 0.9999892873976947, 0.9999892873976947, 0.9999892873976947, 0.9999892873976947], "mcc": [0.3230184678182188, 0.4184259811535148, 0.5036479813198651, 0.5898814632997916, 0.6649113647156936, 0.7348775057287061, 0.7954980073033544, 0.8372957511014625, 0.8685121204815733, 0.8919326154649168, 0.9114837570720205, 0.9269359276996237, 0.9408732302778563, 0.9521344819516219, 0.9612917582428914, 0.9689791768019745, 0.9750152915559296, 0.9803413081002156, 0.9843224368340782, 0.9875547406305312, 0.9902227762772898, 0.9919455417175084, 0.9935362421509217, 0.99519337529834, 0.9962206323067309, 0.9969830132851388, 0.9977785958591124, 0.9982757506997686, 0.9988062552145657, 0.999021785516288, 0.9993367750779518, 0.999535729039431, 0.9997512837112437, 0.9998341909527734, 0.9998507744543669, 0.999883937663307, 0.9999170969783316, 0.9999502573753868, 0.9999502573753868, 0.9999502573753868, 0.9999668379797076, 0.9999668379797076, 0.9999834188545744, 0.9999834188545744, 0.9999834188545744, 0.9999834188545744, 0.9999834188545744, 0.9999834188545744, 0.9999834188545744, 0.9999834188545744], "f1": [0.4891992701222931, 0.5580858052429706, 0.6283427066860255, 0.7000017321396838, 0.7602463079075132, 0.8148876028407311, 0.8599337515165554, 0.889965074796335, 0.912022820306457, 0.928244876062227, 0.9415981640301356, 0.9520499867665299, 0.9613811022633296, 0.9688373394754887, 0.9748585316058046, 0.9799362735513962, 0.9838522262724224, 0.9873208619204892, 0.989883791314171, 0.9919811661382395, 0.9936975447854984, 0.9948186934675792, 0.9958422726365046, 0.9969238591305084, 0.9975935907210935, 0.9980813501636677, 0.9985880290499999, 0.9989096989985732, 0.9992506402119901, 0.9993871745576018, 0.9995858105844667, 0.9997100232070814, 0.9998445476988493, 0.9998970451722563, 0.9999073399976348, 0.9999279311092714, 0.9999485229513198, 0.9999691142089704, 0.9999691142089704, 0.9999691142089704, 0.9999794096186895, 0.9999794096186895, 0.9999897048823603, 0.9999897048823603, 0.9999897048823603, 0.9999897048823603, 0.9999897048823603, 0.9999897048823603, 0.9999897048823603, 0.9999897048823603], "times": {"epochs": [182.7025444507599, 321.159056186676, 469.9191234111786, 618.6409947872162, 758.11865067482, 891.3657550811768, 1056.2197606563568, 1205.1931848526, 1344.580185174942, 1493.6363971233368, 1651.7879016399384, 1800.6451423168182, 1939.9334423542023, 2089.313623189926, 2238.7307591438293, 2378.3504016399384, 2546.28844499588, 2685.3039734363556, 2824.80410528183, 2958.2014977931976, 3104.0720496177673, 3243.375815629959, 3402.2856171131134, 3551.085991859436, 3680.7889964580536, 3820.1331598758698, 3978.7945976257324, 4109.057301044464, 4252.2237157821655, 4388.149556398392, 4527.836847543716, 4667.785064935684, 4820.265904664993, 4969.34351682663, 5124.771763563156, 5273.42037653923, 5412.776585817337, 5543.47699546814, 5683.356632232666, 5823.252146482468, 5972.589572906494, 6121.723643064499, 6261.4475004673, 6420.005662202835, 6569.40895318985, 6709.425184249878, 6839.655363082886, 6970.204179048538, 7118.863456726074, 7258.643859624863], "loads": [2.7889716625213623, 2.8325464725494385]}}