{"acc": [0.49309037151304796, 0.4998928739769465, 0.5086664952650298, 0.5167866478124866, 0.5253674422590736, 0.5333911813857822, 0.541661310365514, 0.5493636714230621, 0.5565946779791747, 0.5640185113767836, 0.5707138878176287, 0.5770664609847024, 0.582776278013455, 0.5882182799845739, 0.5937245575695248, 0.5991344217337276, 0.6043621716587393, 0.6092149805030638, 0.6141963405750525, 0.6182135664395595, 0.622123666281013, 0.6263015811801003, 0.6305009212837983, 0.6352466041050692, 0.6405814800531345, 0.6468697776063761, 0.6526331576466555, 0.6590500064275614, 0.6649097998885889, 0.6707910185542272, 0.6771971547328277, 0.6832497750353516, 0.6892059819171273, 0.6953550156403994, 0.7013754981360072, 0.7068817757209581, 0.7122166516690235, 0.7175943780263101, 0.7227257145305738, 0.7281998543086087, 0.7336525688820328, 0.7386232163517161, 0.7434653125937353, 0.749025153190213, 0.7542636157175301, 0.759523503449458, 0.7646012769421948, 0.76947551099113, 0.7743390324377598, 0.7794168059304967, 0.784237476967905, 0.7891545614260617, 0.7938252560311951, 0.7987316278870463, 0.8037558383682564, 0.8083194069503363, 0.8132257788061876, 0.8181000128551228, 0.8230599477225008, 0.8280734456014055, 0.8328726914342032, 0.8378754767108025, 0.8425247461113253, 0.8468419248403822, 0.8508912885118053, 0.8544050220679608, 0.8580687320563911], "mcc": [0.1672234289537147, 0.18112001737335195, 0.1999781439552892, 0.21726816650047387, 0.23519477835501526, 0.25167401999998645, 0.2685096512331695, 0.28408191865981347, 0.2985848924940735, 0.3132500988782666, 0.3263992775230097, 0.3386792476214475, 0.349563078627524, 0.3599515347787031, 0.3703118307608876, 0.38025436354849557, 0.3898543644983397, 0.3985514029052612, 0.40757508270540355, 0.41471140233178194, 0.42178360627318257, 0.42898103834298545, 0.4360766537278628, 0.4438850899837688, 0.45265690230360206, 0.4630337979417936, 0.47236177993372835, 0.4826066290213885, 0.4920235506631706, 0.5013425313919193, 0.5114926175445405, 0.5209900075094673, 0.5303588689902435, 0.5399036167410264, 0.5492594495804933, 0.5577223172852479, 0.5660268998534108, 0.5742297613529229, 0.5820089852004626, 0.5903971854562059, 0.5986486137615193, 0.6061446259964436, 0.6135080165115032, 0.6219737761291514, 0.6298424086310764, 0.6377473262100021, 0.6453842251989409, 0.652690153852876, 0.6599422814436958, 0.667547389364063, 0.6746666178901316, 0.6819632964480817, 0.6888906446336145, 0.6961848309003432, 0.7036174724278043, 0.7103563051693335, 0.7176069074515031, 0.724825972211014, 0.7321987096330859, 0.7396222218258265, 0.7467808899769932, 0.7542108754196483, 0.7610836095630833, 0.7674984592029127, 0.7735266809554201, 0.7787673905885439, 0.7842329637854406], "f1": [0.39631193258797887, 0.397425993591012, 0.4069890219031225, 0.4175842002041, 0.4293603246679672, 0.44048670285324304, 0.4518532299069416, 0.46236358578478337, 0.47215227669431004, 0.4823543629244585, 0.49149109749073117, 0.5000998621672753, 0.5078994694447615, 0.515031216303442, 0.5223729984614701, 0.5297136003056381, 0.5366580733189594, 0.5432778596739819, 0.54984798027958, 0.5553750394180287, 0.5604805279629773, 0.5663073142243171, 0.5721409081524202, 0.5785076179913146, 0.58573097271355, 0.5942090107623558, 0.6020770888839357, 0.6107800949612447, 0.6185596538336472, 0.62640619509133, 0.6349752483564416, 0.642975076688639, 0.650817605904671, 0.6587825953387415, 0.6664804035864069, 0.6735468938287227, 0.6803239696817956, 0.687101624633768, 0.6935670811502602, 0.700368941877919, 0.7071469110287905, 0.7132588872851002, 0.7191430752023845, 0.7258897001181689, 0.7322864085413358, 0.7386084568395151, 0.7446781423204953, 0.7505175712388047, 0.7563012693578092, 0.7623238185778161, 0.7680107876138744, 0.7738178991030114, 0.7792395525012702, 0.7849209066411217, 0.7907721364702743, 0.7960414036354141, 0.8016692589821149, 0.8072247364292592, 0.81280867474218, 0.8185062249498727, 0.8239022531850758, 0.8294930004092458, 0.8346529519661536, 0.8394150092701368, 0.8439027815748755, 0.8477582376168141, 0.8517494751542216], "times": {"epochs": [10.634724617004395, 1319.745709657669, 2636.19043469429, 3943.051074743271, 5255.515620470047, 6567.765842199326, 7879.165280818939, 9188.159033298492, 10496.01804971695, 11803.127433538437, 13116.253262519836, 14430.625441074371, 15741.041949272156, 17051.797538518906, 18359.622289180756, 19666.035041093826, 20974.011947155, 22281.242926120758, 23588.09312582016, 24898.267310380936, 26208.048990249634, 27517.001512527466, 28824.983988285065, 30134.429627418518, 31441.460973262787, 32750.985629081726, 34058.32781147957, 35367.57719039917, 36679.61929106712, 37989.291203022, 39297.0343580246, 40605.23731851578, 41913.94899439812, 43221.49753332138, 44531.06926417351, 45838.42895531654, 47147.78791952133, 48453.50949501991, 49767.51885795593, 51074.92242670059, 52380.72428584099, 53683.80055427551, 54988.37310051918, 56294.68584227562, 57605.845918893814, 58910.32136678696, 60216.11806464195, 61521.43470573425, 62826.14333677292, 64130.66131186485, 65435.40419459343, 66739.78289175034, 68045.28901267052, 69351.71985340118, 70661.77607393265, 71970.7058262825, 73281.2839922905, 74591.07582807541, 75896.28735303879, 77200.6017537117, 78506.73916649818, 79811.56630635262, 81115.48215723038, 82420.41189789772, 83726.39556074142, 85031.65382933617, 86336.20184397697], "loads": [7.1224446296691895, 7.165995359420776]}}