{"acc": [0.4930582337061319, 0.4998393109654197, 0.5083451171958692, 0.5171080258816472, 0.5261816000342803, 0.5341624887517675, 0.5420791018554227, 0.5504670694605134, 0.5583729699618631, 0.5651004842096242, 0.5709174272614304, 0.5771414492008399, 0.5834083215494708, 0.5891824141920555, 0.5945601405493423, 0.5996272014397738, 0.6048763765693962, 0.6095363585722243, 0.6149355101341217, 0.6184920940994987, 0.6222415049063719, 0.6260980417362986, 0.6300617045892788, 0.6346681235805802, 0.6407743068946309, 0.6463984231049407, 0.6530080987273429, 0.6593928097013326, 0.6650062133093371, 0.6702018254274328, 0.6766400994129494, 0.6829926725800232, 0.6890560054848524, 0.6956442559026439, 0.7020503920812444, 0.7071603033808973, 0.7125808801474054, 0.7181621459484938, 0.7235184471011699, 0.7292925397437545, 0.7340382225650255, 0.7394052363200069, 0.7442259073574152, 0.7500857008184428, 0.7554312893688134, 0.761141106397566, 0.7651904700689891, 0.770268243561726, 0.7750460641899131, 0.779459656339718, 0.7849016583108369, 0.789958006598963, 0.794703689420234, 0.8001885418005742, 0.8042057676650812, 0.8085015211895273, 0.8133114796246305, 0.8179607490251531, 0.8224386167887904, 0.8276556541114968, 0.8330976560826155, 0.8378647641084972, 0.8425890217251575, 0.8468740626472983, 0.8506663238633929, 0.8541907700218537, 0.8584329605347731], "mcc": [0.1671522255044188, 0.1810052505611778, 0.19930743258478104, 0.21790467162712818, 0.23675982469003787, 0.25313482454566444, 0.26923303273961946, 0.2860429802678612, 0.3016704607567447, 0.31516698229586154, 0.3267405440946004, 0.3388063804666888, 0.3506112465161591, 0.36149736359259466, 0.37154735795937116, 0.3810371165693264, 0.3906890263870372, 0.3990412511457168, 0.4086542516335071, 0.4151119980241657, 0.4219536903535514, 0.4286632316870335, 0.4354393345711942, 0.4430127770299632, 0.45291214591953965, 0.4623177431712612, 0.47292827092056067, 0.4830732911492149, 0.4921392189335726, 0.5004933021807262, 0.5106838924057757, 0.5206187336279545, 0.5301711685414141, 0.5403319231243676, 0.550190031062343, 0.5581323422859107, 0.5664602066657041, 0.5749961715114392, 0.58311018489195, 0.5918256437483816, 0.5991580008895679, 0.6072295850679094, 0.6145854944129503, 0.6234665277595774, 0.6314517147379599, 0.6400308033387555, 0.646224327726162, 0.6537820508413001, 0.6609343831435786, 0.667583103964831, 0.6756013025609533, 0.6830498263895245, 0.6901072173017747, 0.698157796483094, 0.7042301278345602, 0.7105815264613601, 0.717719057581042, 0.7246257839781204, 0.7312997125253499, 0.7390492224213349, 0.7470895497301593, 0.7541732999741304, 0.7611703548933499, 0.7675450209083688, 0.7731961496777637, 0.7784679362015282, 0.7847455657556468], "f1": [0.3962355245041324, 0.39707816506672994, 0.406429012539195, 0.41827139534519175, 0.43099198293793317, 0.4418959008828782, 0.45272127319407723, 0.46436744248805173, 0.47536634394190086, 0.4841789086866622, 0.49181124653371583, 0.500225867655773, 0.5089106356402772, 0.5165883099138925, 0.5237731401193206, 0.5304191694985283, 0.5373838783206025, 0.5436989014871195, 0.5509011185029983, 0.5557334050473052, 0.560555001488553, 0.5659459549816412, 0.5713680879480898, 0.5775694812157581, 0.5859647685936263, 0.5934585491999445, 0.6025418296149141, 0.611198003829049, 0.6186662484655033, 0.6256194222350618, 0.6342202592395697, 0.6425994907528786, 0.6505868986374397, 0.6591003845257551, 0.6673082274796199, 0.6738940707886488, 0.6807247187985536, 0.6877573046667238, 0.6944908258636108, 0.7016790138032732, 0.7075788881336363, 0.7141303883671662, 0.7200182810998889, 0.7271546653463458, 0.7336037697963335, 0.7404887452122328, 0.745378426932045, 0.7514797577542577, 0.757190979553093, 0.7623729412715553, 0.768716317660226, 0.7746718257321777, 0.7801703711959487, 0.7865024879884853, 0.791155380948211, 0.7961830935489139, 0.801763064524513, 0.8070251359128093, 0.8121185711798643, 0.8180419063712948, 0.8241478120472161, 0.8294863990488587, 0.8346832606662197, 0.8394263728440202, 0.8436364566027158, 0.8475089511020323, 0.852115194666197], "times": {"epochs": [18.08424949645996, 1240.700588941574, 2466.214804172516, 3688.4028856754303, 4910.990370988846, 6134.425411224365, 7359.172676563263, 8586.879886627197, 9818.75813961029, 11044.65813946724, 12268.7608025074, 13492.898873329163, 14721.18392419815, 15950.34753537178, 17175.01604270935, 18397.494572639465, 19619.272424936295, 20843.195109844208, 22066.512600183487, 23289.51218533516, 24512.335883378983, 25736.40652489662, 26962.7892742157, 28186.67396402359, 29413.85246539116, 30638.61579966545, 31861.831622362137, 33086.86989545822, 34317.161442279816, 35546.50930047035, 36774.01271057129, 37999.783406972885, 39224.34112286568, 40447.752494096756, 41671.054142951965, 42895.13365340233, 44122.286192417145, 45346.115604400635, 46569.582457304, 47795.28179001808, 49027.08006191254, 50261.79718565941, 51490.8024687767, 52714.77546668053, 53941.65311169624, 55168.63471221924, 56395.395846128464, 57623.28558301926, 58852.98844575882, 60079.50038909912, 61304.79441070557, 62529.70968103409, 63753.12318730354, 64976.66498327255, 66201.18915367126, 67426.78152871132, 68658.64985251427, 69887.19063735008, 71114.17096972466, 72346.70001363754, 73577.58898472786, 74809.87237095833, 76040.2778058052, 77270.13912582397, 78498.91641974449, 79730.8904004097, 80956.47768473625], "loads": [9.094036340713501, 9.137900114059448]}}